{"cameraMode":{"drawMode":0,"name":"Shaded","section":"Shading Mode"},"sceneLighting":true,"audioPlay":false,"sceneViewState":{"m_AlwaysRefresh":false,"showFog":true,"showSkybox":true,"showFlares":true,"showImageEffects":true,"showParticleSystems":true,"showVisualEffectGraphs":true,"m_FxEnabled":true},"in2DMode":false,"pivot":{"x":-10.429766654968262,"y":9.000961303710938,"z":12.553528785705567},"rotation":{"x":0.010807821527123452,"y":-0.021318862214684488,"z":0.00018164707580581307,"w":0.999767005443573},"size":8.98192024230957,"orthographic":true}